<?xml version="1.0" encoding="UTF-8"?>
<project-private xmlns="http://www.netbeans.org/ns/project-private/1">
    <editor-bookmarks xmlns="http://www.netbeans.org/ns/editor-bookmarks/2" lastBookmarkId="0"/>
    <open-files xmlns="http://www.netbeans.org/ns/projectui-open-files/2">
        <group>
            <file>file:/home/vitor/NetBeansProjects/Trabalho/src/trabalho/menu.java</file>
            <file>file:/home/vitor/NetBeansProjects/Trabalho/src/trabalho/Trabalho.java</file>
            <file>file:/home/vitor/NetBeansProjects/Trabalho/src/trabalho/Entregador.java</file>
            <file>file:/home/vitor/NetBeansProjects/Trabalho/src/trabalho/Entrega.java</file>
            <file>file:/home/vitor/NetBeansProjects/Trabalho/src/trabalho/Cliente.java</file>
            <file>file:/home/vitor/NetBeansProjects/Trabalho/src/trabalho/Connection.java</file>
        </group>
    </open-files>
</project-private>
